[{"id":"6287827095147@s.whatsapp.net","xp":1,"level":1},{"id":"6287827095147@s.whatsapp.net","xp":1,"level":1},{"id":"6285282996146@s.whatsapp.net","xp":1,"level":1},{"id":"6285282996146@s.whatsapp.net","xp":1,"level":1},{"id":"6285706558359@s.whatsapp.net","xp":1,"level":1},{"id":"6285706558359@s.whatsapp.net","xp":1,"level":1},{"id":"919048417849@s.whatsapp.net","xp":1,"level":1},{"id":"919048417849@s.whatsapp.net","xp":3522,"level":1},{"id":"6281776583485@s.whatsapp.net","xp":1,"level":1},{"id":"6283894963018@s.whatsapp.net","xp":1,"level":1},{"id":"6283894963018@s.whatsapp.net","xp":1,"level":1},{"id":"6285706055202@s.whatsapp.net","xp":1,"level":1},{"id":"6285706055202@s.whatsapp.net","xp":12608,"level":2},{"id":"6282294653413@s.whatsapp.net","xp":1,"level":1},{"id":"6282294653413@s.whatsapp.net","xp":1,"level":1},{"id":"6285806157712@s.whatsapp.net","xp":74682,"level":4},{"id":"6285866295942@s.whatsapp.net","xp":13000375314,"level":1293},{"id":"6285655288949@s.whatsapp.net","xp":15157,"level":3},{"id":"6288221400832@s.whatsapp.net","xp":157858,"level":6},{"id":"62895336253039@s.whatsapp.net","xp":36321,"level":4},{"id":"6285860985038@s.whatsapp.net","xp":1,"level":1},{"id":"6285860985038@s.whatsapp.net","xp":1,"level":1},{"id":"6283195431949@s.whatsapp.net","xp":3019,"level":1},{"id":"6285747553717@s.whatsapp.net","xp":8081,"level":2},{"id":"6285892186362@s.whatsapp.net","xp":1,"level":1},{"id":"6285892186362@s.whatsapp.net","xp":1,"level":1},{"id":"6283114196074@s.whatsapp.net","xp":3044,"level":1},{"id":"60167344539@s.whatsapp.net","xp":2527,"level":1},{"id":"6285876210829@s.whatsapp.net","xp":22196,"level":3},{"id":"628990912324@s.whatsapp.net","xp":7056,"level":2},{"id":"6288293103763@s.whatsapp.net","xp":1,"level":1},{"id":"6288293103763@s.whatsapp.net","xp":507,"level":1},{"id":"6287842148420@s.whatsapp.net","xp":1,"level":1},{"id":"6287842148420@s.whatsapp.net","xp":33326,"level":3},{"id":"628886615118@s.whatsapp.net","xp":1,"level":1},{"id":"628886615118@s.whatsapp.net","xp":26756,"level":3},{"id":"6285810058751@s.whatsapp.net","xp":1,"level":1},{"id":"6285810058751@s.whatsapp.net","xp":13114,"level":2},{"id":"994404460187@s.whatsapp.net","xp":1,"level":1},{"id":"994404460187@s.whatsapp.net","xp":1,"level":1},{"id":"6285219351095@s.whatsapp.net","xp":1,"level":1},{"id":"6285219351095@s.whatsapp.net","xp":1,"level":1},{"id":"6283823045997@s.whatsapp.net","xp":107925,"level":5},{"id":"628974328079@s.whatsapp.net","xp":1,"level":1},{"id":"628974328079@s.whatsapp.net","xp":1,"level":1},{"id":"6281995944283@s.whatsapp.net","xp":1,"level":1},{"id":"6281995944283@s.whatsapp.net","xp":559521,"level":7},{"id":"6282252958502@s.whatsapp.net","xp":3028,"level":1},{"id":"6285394408301@s.whatsapp.net","xp":1,"level":1},{"id":"6285394408301@s.whatsapp.net","xp":1,"level":1},{"id":"6285394408301@s.whatsapp.net","xp":1,"level":1},{"id":"6285394408301@s.whatsapp.net","xp":1,"level":1},{"id":"6281261259574@s.whatsapp.net","xp":1,"level":1},{"id":"917017070390@s.whatsapp.net","xp":1513,"level":1},{"id":"6289691712219@s.whatsapp.net","xp":1,"level":1},{"id":"6289691712219@s.whatsapp.net","xp":12620,"level":2},{"id":"6283815244833@s.whatsapp.net","xp":1,"level":1},{"id":"5521997482887@s.whatsapp.net","xp":1004,"level":1},{"id":"6285275447410@s.whatsapp.net","xp":33788,"level":3},{"id":"628158783690@s.whatsapp.net","xp":1,"level":1},{"id":"628158783690@s.whatsapp.net","xp":84285,"level":5},{"id":"6285752363426@s.whatsapp.net","xp":1,"level":1},{"id":"6285752363426@s.whatsapp.net","xp":1,"level":1},{"id":"6281294768621@s.whatsapp.net","xp":1,"level":1},{"id":"6281294768621@s.whatsapp.net","xp":13606,"level":2},{"id":"12062588135@s.whatsapp.net","xp":1,"level":1},{"id":"12062588135@s.whatsapp.net","xp":5538,"level":2},{"id":"6288213233215@s.whatsapp.net","xp":1,"level":1},{"id":"6288213233215@s.whatsapp.net","xp":1,"level":1},{"id":"6282316084092@s.whatsapp.net","xp":1,"level":1},{"id":"6282316084092@s.whatsapp.net","xp":1511,"level":1},{"id":"6281325664820@s.whatsapp.net","xp":1,"level":1},{"id":"6281325664820@s.whatsapp.net","xp":1,"level":1},{"id":"6283839428143@s.whatsapp.net","xp":1,"level":1},{"id":"6283839428143@s.whatsapp.net","xp":1,"level":1},{"id":"6285727093196@s.whatsapp.net","xp":1,"level":1},{"id":"6285727093196@s.whatsapp.net","xp":1,"level":1},{"id":"6285727093196@s.whatsapp.net","xp":1,"level":1},{"id":"6285727093196@s.whatsapp.net","xp":1515,"level":1},{"id":"6285876734149@s.whatsapp.net","xp":1,"level":1},{"id":"6285335203652@s.whatsapp.net","xp":1,"level":1},{"id":"557183852339@s.whatsapp.net","xp":1010,"level":1},{"id":"6281332663835@s.whatsapp.net","xp":1,"level":1},{"id":"6285748205149@s.whatsapp.net","xp":1,"level":1},{"id":"6281211651261@s.whatsapp.net","xp":1,"level":1},{"id":"6289656361825@s.whatsapp.net","xp":1,"level":1},{"id":"6285815388438@s.whatsapp.net","xp":1,"level":1},{"id":"6285815388438@s.whatsapp.net","xp":1,"level":1},{"id":"6281333782061@s.whatsapp.net","xp":45436,"level":4},{"id":"6289666330774@s.whatsapp.net","xp":1,"level":1},{"id":"6289666330774@s.whatsapp.net","xp":4547,"level":1},{"id":"6285213236017@s.whatsapp.net","xp":1,"level":1},{"id":"62895622956173@s.whatsapp.net","xp":1515,"level":1},{"id":"6289623043331@s.whatsapp.net","xp":1,"level":1},{"id":"6289623043331@s.whatsapp.net","xp":1,"level":1},{"id":"6282386420726@s.whatsapp.net","xp":1,"level":1},{"id":"6282386420726@s.whatsapp.net","xp":10595,"level":2},{"id":"6281316030912@s.whatsapp.net","xp":1,"level":1},{"id":"6281316030912@s.whatsapp.net","xp":1,"level":1},{"id":"6285774407693@s.whatsapp.net","xp":1,"level":1},{"id":"6285774407693@s.whatsapp.net","xp":27754,"level":3},{"id":"6287805503138@s.whatsapp.net","xp":1,"level":1},{"id":"6287805503138@s.whatsapp.net","xp":1,"level":1},{"id":"918149963853@s.whatsapp.net","xp":1011,"level":1},{"id":"918952971081@s.whatsapp.net","xp":3035,"level":1},{"id":"62813912457398@s.whatsapp.net","xp":1,"level":1},{"id":"62813912457398@s.whatsapp.net","xp":1,"level":1},{"id":"6281575772455@s.whatsapp.net","xp":1,"level":1},{"id":"6281575772455@s.whatsapp.net","xp":1,"level":1},{"id":"6281256185239@s.whatsapp.net","xp":1,"level":1},{"id":"6281256185239@s.whatsapp.net","xp":1,"level":1},{"id":"6285895758474@s.whatsapp.net","xp":1,"level":1},{"id":"6285895758474@s.whatsapp.net","xp":1,"level":1},{"id":"6281952203334@s.whatsapp.net","xp":46482,"level":4},{"id":"6287831072962@s.whatsapp.net","xp":1,"level":1},{"id":"6287831072962@s.whatsapp.net","xp":1,"level":1},{"id":"919556416715@s.whatsapp.net","xp":9076,"level":2},{"id":"6289531409113@s.whatsapp.net","xp":1,"level":1},{"id":"6289531409113@s.whatsapp.net","xp":510,"level":1},{"id":"6737229309@s.whatsapp.net","xp":1,"level":1},{"id":"6737229309@s.whatsapp.net","xp":1,"level":1},{"id":"6282125179771@s.whatsapp.net","xp":1,"level":1},{"id":"6281217679063@s.whatsapp.net","xp":1,"level":1},{"id":"6281217679063@s.whatsapp.net","xp":507,"level":1},{"id":"18776201741@s.whatsapp.net","xp":4035,"level":1},{"id":"18324498087@s.whatsapp.net","xp":1,"level":1},{"id":"18324498087@s.whatsapp.net","xp":2527,"level":1},{"id":"6282338098038@s.whatsapp.net","xp":1,"level":1},{"id":"6282338098038@s.whatsapp.net","xp":12120,"level":2},{"id":"6283176387104@s.whatsapp.net","xp":1,"level":1},{"id":"6283176387104@s.whatsapp.net","xp":1,"level":1},{"id":"6285803357947@s.whatsapp.net","xp":1,"level":1},{"id":"6281312940033@s.whatsapp.net","xp":1,"level":1},{"id":"6281312940033@s.whatsapp.net","xp":1,"level":1},{"id":"6287876607933@s.whatsapp.net","xp":83243,"level":5},{"id":"6287789187989@s.whatsapp.net","xp":1,"level":1},{"id":"6287789187989@s.whatsapp.net","xp":1,"level":1},{"id":"6285798640742@s.whatsapp.net","xp":9598,"level":2},{"id":"6281368646011@s.whatsapp.net","xp":1,"level":1},{"id":"6281368646011@s.whatsapp.net","xp":19663,"level":3},{"id":"6281280396980@s.whatsapp.net","xp":1,"level":1},{"id":"6281280396980@s.whatsapp.net","xp":1,"level":1},{"id":"6285780603403@s.whatsapp.net","xp":4547,"level":1},{"id":"6281572621480@s.whatsapp.net","xp":1,"level":1},{"id":"6281572621480@s.whatsapp.net","xp":1,"level":1},{"id":"6285772668375@s.whatsapp.net","xp":1,"level":1},{"id":"6285772668375@s.whatsapp.net","xp":1,"level":1},{"id":"62895808564100@s.whatsapp.net","xp":1,"level":1},{"id":"62895808564100@s.whatsapp.net","xp":1,"level":1},{"id":"62895619796902@s.whatsapp.net","xp":1,"level":1},{"id":"62895619796902@s.whatsapp.net","xp":1,"level":1},{"id":"994408047085@s.whatsapp.net","xp":1,"level":1},{"id":"994408047085@s.whatsapp.net","xp":1,"level":1},{"id":"62895351054343@s.whatsapp.net","xp":1,"level":1},{"id":"62895351054343@s.whatsapp.net","xp":1,"level":1},{"id":"265880820312@s.whatsapp.net","xp":1,"level":1},{"id":"51950732365@s.whatsapp.net","xp":1,"level":1},{"id":"51950732365@s.whatsapp.net","xp":32798,"level":3},{"id":"8616233699384@s.whatsapp.net","xp":14126,"level":2},{"id":"6283834378112@s.whatsapp.net","xp":1,"level":1},{"id":"6283834378112@s.whatsapp.net","xp":504,"level":1},{"id":"6281389368689@s.whatsapp.net","xp":14617,"level":2},{"id":"6285707360723@s.whatsapp.net","xp":1,"level":1},{"id":"6285707360723@s.whatsapp.net","xp":1,"level":1},{"id":"6285717856930@s.whatsapp.net","xp":6043,"level":2},{"id":"212613882903@s.whatsapp.net","xp":1,"level":1},{"id":"212613882903@s.whatsapp.net","xp":1,"level":1},{"id":"6283805028119@s.whatsapp.net","xp":1,"level":1},{"id":"6283805028119@s.whatsapp.net","xp":3022,"level":1},{"id":"919446088620@s.whatsapp.net","xp":1,"level":1},{"id":"919446088620@s.whatsapp.net","xp":33292,"level":3},{"id":"6283899090373@s.whatsapp.net","xp":1,"level":1},{"id":"6283899090373@s.whatsapp.net","xp":1,"level":1},{"id":"6283899976141@s.whatsapp.net","xp":1,"level":1},{"id":"62878873774690@s.whatsapp.net","xp":1,"level":1},{"id":"62878873774690@s.whatsapp.net","xp":1,"level":1}]