[{"id":"6283824414715@s.whatsapp.net","limit":3},{"id":"6283823045997@s.whatsapp.net","limit":-9},{"id":"62895336253039@s.whatsapp.net","limit":-9},{"id":"6285866295942@s.whatsapp.net","limit":-15},{"id":"6285706558359@s.whatsapp.net","limit":1},{"id":"6288221400832@s.whatsapp.net","limit":-4},{"id":"628990912324@s.whatsapp.net","limit":-3},{"id":"62895339954477@s.whatsapp.net","limit":7},{"id":"918952971081@s.whatsapp.net","limit":0},{"id":"6285214964283@s.whatsapp.net","limit":1},{"id":"6287827095147@s.whatsapp.net","limit":11},{"id":"919048417849@s.whatsapp.net","limit":1},{"id":"6281776583485@s.whatsapp.net","limit":0},{"id":"6285706055202@s.whatsapp.net","limit":-3},{"id":"6285806157712@s.whatsapp.net","limit":0},{"id":"6282294653413@s.whatsapp.net","limit":0},{"id":"6281257845860@s.whatsapp.net","limit":3},{"id":"6289530863358@s.whatsapp.net","limit":1},{"id":"6285892186362@s.whatsapp.net","limit":6},{"id":"6283114196074@s.whatsapp.net","limit":0},{"id":"6285876210829@s.whatsapp.net","limit":6},{"id":"6288293103763@s.whatsapp.net","limit":1},{"id":"6287842148420@s.whatsapp.net","limit":-4},{"id":"628886615118@s.whatsapp.net","limit":-5},{"id":"6285747553717@s.whatsapp.net","limit":-3},{"id":"6285810058751@s.whatsapp.net","limit":-1},{"id":"628989213835@s.whatsapp.net","limit":1},{"id":"6285815419233@s.whatsapp.net","limit":3},{"id":"6281995944283@s.whatsapp.net","limit":-7},{"id":"6281261259574@s.whatsapp.net","limit":2},{"id":"917017070390@s.whatsapp.net","limit":3},{"id":"6283815244833@s.whatsapp.net","limit":0},{"id":"6281294768621@s.whatsapp.net","limit":4},{"id":"6288213233215@s.whatsapp.net","limit":0},{"id":"6285275447410@s.whatsapp.net","limit":-6},{"id":"6282316084092@s.whatsapp.net","limit":14},{"id":"6283839428143@s.whatsapp.net","limit":7},{"id":"6281325664820@s.whatsapp.net","limit":4},{"id":"6283195431949@s.whatsapp.net","limit":1},{"id":"6283161237285@s.whatsapp.net","limit":2},{"id":"6285876734149@s.whatsapp.net","limit":0},{"id":"6285335203652@s.whatsapp.net","limit":8},{"id":"557183852339@s.whatsapp.net","limit":0},{"id":"6281332663835@s.whatsapp.net","limit":3},{"id":"6285748205149@s.whatsapp.net","limit":2},{"id":"6281211651261@s.whatsapp.net","limit":1},{"id":"6289656361825@s.whatsapp.net","limit":3},{"id":"6285815388438@s.whatsapp.net","limit":0},{"id":"6285213236017@s.whatsapp.net","limit":0},{"id":"6289623043331@s.whatsapp.net","limit":7},{"id":"6282386420726@s.whatsapp.net","limit":2},{"id":"6281316030912@s.whatsapp.net","limit":1},{"id":"918149963853@s.whatsapp.net","limit":2},{"id":"6281575772455@s.whatsapp.net","limit":6},{"id":"6281256185239@s.whatsapp.net","limit":0},{"id":"6285895758474@s.whatsapp.net","limit":0},{"id":"919556416715@s.whatsapp.net","limit":-3},{"id":"6281952203334@s.whatsapp.net","limit":-7},{"id":"6287831072962@s.whatsapp.net","limit":0},{"id":"6289502860914@s.whatsapp.net","limit":14},{"id":"6285348646225@s.whatsapp.net","limit":0},{"id":"6281333782061@s.whatsapp.net","limit":-6},{"id":"6282125179771@s.whatsapp.net","limit":2},{"id":"6737229309@s.whatsapp.net","limit":0},{"id":"6281217679063@s.whatsapp.net","limit":0},{"id":"18324498087@s.whatsapp.net","limit":1},{"id":"6285803357947@s.whatsapp.net","limit":3},{"id":"6287876607933@s.whatsapp.net","limit":-12},{"id":"6281312940033@s.whatsapp.net","limit":3},{"id":"6287789187989@s.whatsapp.net","limit":0},{"id":"6281281935202@s.whatsapp.net","limit":0},{"id":"6285780603403@s.whatsapp.net","limit":0},{"id":"6281572621480@s.whatsapp.net","limit":1},{"id":"6285772668375@s.whatsapp.net","limit":0},{"id":"6282252958502@s.whatsapp.net","limit":1},{"id":"62895808564100@s.whatsapp.net","limit":0},{"id":"62895619796902@s.whatsapp.net","limit":0},{"id":"62895622956173@s.whatsapp.net","limit":0},{"id":"994408047085@s.whatsapp.net","limit":1},{"id":"265880820312@s.whatsapp.net","limit":7},{"id":"6281368646011@s.whatsapp.net","limit":1},{"id":"8616233699384@s.whatsapp.net","limit":-1},{"id":"6281389368689@s.whatsapp.net","limit":1},{"id":"212613882903@s.whatsapp.net","limit":4},{"id":"6283805028119@s.whatsapp.net","limit":3},{"id":"919446088620@s.whatsapp.net","limit":-4},{"id":"51950732365@s.whatsapp.net","limit":-3},{"id":"6283899976141@s.whatsapp.net","limit":2}]