[{"id":"6285866295942@s.whatsapp.net","name":"デニス","time":"17:52:04","serial":"325f3cb3f15b6b480ab0"},{"id":"6285348646225@s.whatsapp.net","name":"𝕼𝖆𝖑𝖇𝖎 • 𝕮𝖆𝖓𝖘𝖘","time":"04:02:35","serial":"e938779b6e1a01b845ac"},{"id":"6281952203334@s.whatsapp.net","name":"ẉīldann","time":"09:08:13","serial":"073835790a68aee60230"},{"id":"6289502860914@s.whatsapp.net","name":".","time":"09:36:56","serial":"2c7d4a8e1b9ded63407b"},{"id":"6281333782061@s.whatsapp.net","name":"𝐅𝐚𝐣𝐚𝐫 𝐀𝐥𝐟𝐚𝐫𝐢𝐳𝐢","time":"09:36:56","serial":"c6ac51c55891f0868edd"},{"id":"62895622956173@s.whatsapp.net","name":"Akhy Akhir Zaman","time":"09:36:56","serial":"089e9e4799d057012118"},{"id":"6283823045997@s.whatsapp.net","name":"Ownerrr Sange Bot","time":"06:03:53","serial":"65d3bd3c45355e9529ec"},{"id":"5521997482887@s.whatsapp.net","name":"🤓","time":"06:06:30","serial":"10cc51ea51fad9a48a9d"},{"id":"6285806157712@s.whatsapp.net","name":"Oreo❀","time":"06:21:42","serial":"7d217739f1fbb162f4bf"},{"id":"919645694607@s.whatsapp.net","name":"𝙰𝙵𝚂𝙰𝙻 𝚂𝙴𝚁❤️","time":"07:19:53","serial":"66bf366e85af0633b874"},{"id":"62811576577@s.whatsapp.net","name":"Salwa NA","time":"07:29:21","serial":"4cfa93f818b8346cbdcc"},{"id":"6281389368689@s.whatsapp.net","name":"ㅤㅤZamZamXD`愛","time":"07:29:21","serial":"89bb52df661718f268af"},{"id":"6283824630553@s.whatsapp.net","name":"🇫 🇷 🇩 🇾","time":"07:29:21","serial":"84f787495065fc4ae9ce"},{"id":"6285815419233@s.whatsapp.net","name":"Yuli Know","time":"07:29:21","serial":"fd9b6f2934e32d18d3e1"},{"id":"919556416715@s.whatsapp.net","name":"☆","time":"07:29:21","serial":"4aa9017ad324e1a172e5"},{"id":"6282132929782@s.whatsapp.net","name":"Ghost","time":"08:32:34","serial":"6c21b9fb4eccad39080c"},{"id":"628978271290@s.whatsapp.net","name":"nhl","time":"08:32:34","serial":"b1c7322bab7c331d126c"},{"id":"6285717856930@s.whatsapp.net","name":"A M V || - [ バグス ]","time":"08:32:34","serial":"3efc15153674ab5c236f"},{"id":"6287851930413@s.whatsapp.net","name":"yogii","time":"08:32:34","serial":"56146dde890af0bac987"},{"id":"6285798640742@s.whatsapp.net","name":"Mhmdfjralfarizi","time":"08:32:34","serial":"20ef4830f3e0cf2a70ae"},{"id":"918952971081@s.whatsapp.net","name":"Anshul","time":"08:32:34","serial":"c7c778f6dff1558f6360"},{"id":"6285654757016@s.whatsapp.net","name":"RullGanz","time":"08:32:34","serial":"32bdf9a8cb312a223623"},{"id":"60167344539@s.whatsapp.net","name":"Mel","time":"08:32:34","serial":"b8b15b07844a39412f62"},{"id":"6281317071024@s.whatsapp.net","name":"Rizky Maulana Lubis","time":"08:32:34","serial":"501411e456cf66e65b68"},{"id":"6283840944698@s.whatsapp.net","name":"~Alfrziproject04","time":"08:32:34","serial":"d272e8a60a1b416df343"},{"id":"6287722207822@s.whatsapp.net","name":"~D🥀~","time":"08:32:34","serial":"3f4471523650021b85cb"},{"id":"628989213835@s.whatsapp.net","name":"Just A Boy","time":"08:32:34","serial":"772f644680cded07411d"},{"id":"6281242744751@s.whatsapp.net","name":"儿子","time":"08:32:34","serial":"74d3affdddc6ba1b439b"},{"id":"6283104061930@s.whatsapp.net","name":"SCP-049?","time":"08:32:34","serial":"38711edc91684271ffa8"},{"id":"6282252958502@s.whatsapp.net","name":"Pengen Ngewe","time":"08:32:34","serial":"a8670d3f63c6deacf5f7"},{"id":"6285655288949@s.whatsapp.net","name":"Aimoc ft. ExMoca","time":"08:32:34","serial":"60e7a977e84338197e2a"},{"id":"6289530457789@s.whatsapp.net","name":"Unknown","time":"08:32:34","serial":"11fd0958f4a2902ac6a2"},{"id":"6288221400832@s.whatsapp.net","name":"http://apī-eka.zxy.heroku","time":"16:00:54","serial":"1e66f6ade83e63ce6804"},{"id":"6285214964283@s.whatsapp.net","name":"🐊","time":"16:00:54","serial":"74ba5ca8447c054ad1f7"},{"id":"6283824414715@s.whatsapp.net","name":"flash","time":"17:17:25","serial":"42592557eb623c20e4dc"},{"id":"6285747553717@s.whatsapp.net","name":"Punten","time":"17:17:25","serial":"0cdce8b696ac8a8ae132"},{"id":"6283123948132@s.whatsapp.net","name":"maul","time":"18:20:18","serial":"93da0f33a0c79e6b037a"},{"id":"17604633773@s.whatsapp.net","name":"िꦽꦸꦸ𝑩𝒊𝒛𝒂ꦿꦹꦸꦸꦸꦸꦸꦾ᭄�҈҉⃝⃞⃟⃠⃤","time":"18:22:28","serial":"b8a3645e0aea55ae4caf"},{"id":"62895605557681@s.whatsapp.net","name":"ᴋᴀɴᴀᴏ ᴛꜱᴜyᴜʀɪ | かなおつゆり","time":"19:09:47","serial":"042d4b2844ebc15af5e3"},{"id":"6282248274060@s.whatsapp.net","name":"Ken Kaneki","time":"19:54:29","serial":"f174802e89a8d7bdd507"},{"id":"6281342628434@s.whatsapp.net","name":"Fairuz ファイルーズ","time":"19:58:42","serial":"1386da3098570f986bb1"},{"id":"6281257845860@s.whatsapp.net","name":"nu","time":"21:02:35","serial":"08a73138f8d3686fc0f8"},{"id":"6281253788742@s.whatsapp.net","name":"コブラ","time":"21:02:35","serial":"c0e9a9f73dfa04f12d4e"},{"id":"6283195431949@s.whatsapp.net","name":"rhmayuksmngtys","time":"21:16:59","serial":"d4c643ec1269a3acae25"},{"id":"994407741398@s.whatsapp.net","name":"Neko BOT V 0.1.20","time":"03:51:28","serial":"ad3263d8719394fa85c8"},{"id":"6289530863358@s.whatsapp.net","name":"Ganzz?","time":"04:19:30","serial":"c305d32b4769cbe159fe"},{"id":"62895336253039@s.whatsapp.net","name":"Hans","time":"04:35:47","serial":"6ee347b0b75621cd5bf8"},{"id":"6285876210829@s.whatsapp.net","name":"Siapa?","time":"04:35:47","serial":"ee06367b3c6ca02bb5fe"},{"id":"447441430307@s.whatsapp.net","name":"L","time":"05:59:03","serial":"a4574beeaea3e846f7cd"},{"id":"6281281935202@s.whatsapp.net","name":"Skyrlak","time":"05:59:03","serial":"88ae2eaf17aedaae13eb"},{"id":"6283161237285@s.whatsapp.net","name":"No Name>_<","time":"05:59:03","serial":"41b6cd373671e10f6181"},{"id":"6282115805062@s.whatsapp.net","name":"☠️WANTED☠️","time":"05:59:03","serial":"3452f06accc494699e46"},{"id":"6285775559293@s.whatsapp.net","name":"🅂𝙖𝙣𝙙𝙞","time":"05:59:03","serial":"8217164ac96dc370fb18"},{"id":"6282253262269@s.whatsapp.net","time":"05:59:03","serial":"a9998bcf6bce8828220b"},{"id":"628990912324@s.whatsapp.net","name":"Rio","time":"12:43:12","serial":"c8bd672fc0dc3eda61dd"},{"id":"62895339954477@s.whatsapp.net","name":"Curry😒🔪","time":"13:21:26","serial":"54ed7e9b85f3e3af4a60"},{"id":"6287827095147@s.whatsapp.net","name":"vv a l","time":"09:17:09","serial":"cf59993eeab7d17c77df"},{"id":"6285282996146@s.whatsapp.net","name":"ArdiGans","time":"09:17:09","serial":"c6257d5f8b8916dcb2aa"},{"id":"6285706558359@s.whatsapp.net","name":"Khafid","time":"09:17:09","serial":"b3f4085d79a08f803d34"},{"id":"628990874944@s.whatsapp.net","name":"↻","time":"10:47:34","serial":"2aac2865fc1f57059787"},{"id":"919048417849@s.whatsapp.net","name":"𝑳𝑼𝑨 𝑺𝑬𝑹 𝄉丝","time":"18:02:11","serial":"a23883c79d02ff30b171"},{"id":"6281776583485@s.whatsapp.net","name":"AAN","time":"20:22:17","serial":"7318ba508a51f8bfcb35"},{"id":"6283894963018@s.whatsapp.net","name":"A","time":"20:22:17","serial":"8b96a801ffe59a6979b5"},{"id":"6285706055202@s.whatsapp.net","name":".","time":"20:38:51","serial":"c56b85ed26f1fb1373b3"},{"id":"6282294653413@s.whatsapp.net","name":"mut","time":"21:09:31","serial":"adb95ec9694239af6291"},{"id":"6285860985038@s.whatsapp.net","name":"BOT EREN YEAGER","time":"00:58:52","serial":"fcf659c533618828ac53"},{"id":"6285892186362@s.whatsapp.net","name":"naufalaziz","time":"20:32:24","serial":"f44de2da398f8352fc4d"},{"id":"6283114196074@s.whatsapp.net","name":"</>","time":"20:42:46","serial":"c9e6f9c18f19b2157915"},{"id":"6288293103763@s.whatsapp.net","name":"Ngoghey","time":"22:00:28","serial":"4fb3b3e45f54a6274edb"},{"id":"6287842148420@s.whatsapp.net","name":"🆖🆎","time":"22:00:28","serial":"47e20722ae89af2acc05"},{"id":"628886615118@s.whatsapp.net","name":".","time":"04:48:23","serial":"b25633e972f9323c42d5"},{"id":"6285810058751@s.whatsapp.net","name":"Rat Trans","time":"05:35:23","serial":"b8e37e2672ad9791bf89"},{"id":"994404460187@s.whatsapp.net","name":"Bot 4L1 Ganss","time":"05:35:23","serial":"43e6a6729ce331c70a8f"},{"id":"6285219351095@s.whatsapp.net","name":"Mas Renn","time":"06:37:12","serial":"3afc339b33c2310eb6f9"},{"id":"628974328079@s.whatsapp.net","name":"Chang Pei","time":"11:18:41","serial":"7e11b42ec6c899274631"},{"id":"6281995944283@s.whatsapp.net","name":"yoll","time":"11:43:03","serial":"15f1a0a2af8105efcde8"},{"id":"6285394408301@s.whatsapp.net","name":"-a","time":"21:14:58","serial":"ef7ba464c5ccc1aee256"},{"id":"6285394408301@s.whatsapp.net","name":"-a","time":"21:14:58","serial":"10f00589f9bf53740315"},{"id":"6281261259574@s.whatsapp.net","name":"-a","time":"21:14:58","serial":"8cf237e2b3f76a19b598"},{"id":"917017070390@s.whatsapp.net","name":"Shekhar Baliyan 🔥जाट","time":"23:03:40","serial":"ba650c29c48602fb5cde"},{"id":"6289691712219@s.whatsapp.net","name":"Zen˙ᵕ˙","time":"23:03:40","serial":"a960e2c5117e47c49f75"},{"id":"6283815244833@s.whatsapp.net","name":"NJIRR","time":"23:03:40","serial":"adabb68025d01b8dae85"},{"id":"6285275447410@s.whatsapp.net","name":"jejealusmani","time":"23:51:21","serial":"35170381096f99cc597f"},{"id":"628158783690@s.whatsapp.net","name":"..","time":"00:18:23","serial":"4eff8a4db6616b017d67"},{"id":"6285752363426@s.whatsapp.net","name":"..","time":"00:18:23","serial":"973b01a6b09139d6a821"},{"id":"6281294768621@s.whatsapp.net","name":"‎‎‎‎‎‎‎‎‎‎‎‎‎‎‎‎‎‎‎‎‎‎‎‎‎","time":"00:23:15","serial":"0b181e98941d64b5bd2a"},{"id":"12062588135@s.whatsapp.net","name":"KIKICANSS❤️🔥","time":"01:23:19","serial":"8060b24817dddce60a10"},{"id":"6288213233215@s.whatsapp.net","name":".","time":"01:23:19","serial":"29645aa787552d836c7d"},{"id":"6282316084092@s.whatsapp.net","name":"Yehezkiel","time":"18:17:50","serial":"85f8539c0cf123f79c78"},{"id":"6281325664820@s.whatsapp.net","name":"Dhani™Ganz","time":"18:17:50","serial":"86ca12e37bc3a46c0ad7"},{"id":"6283839428143@s.whatsapp.net","name":"Iran","time":"18:17:50","serial":"c888caf17414c7867f04"},{"id":"6285727093196@s.whatsapp.net","name":"ikhsan bruhh","time":"18:17:50","serial":"f43bd43187992003b7d6"},{"id":"6285727093196@s.whatsapp.net","name":"ikhsan bruhh","time":"18:17:50","serial":"c84f1a7e6d3626e64a28"},{"id":"6285876734149@s.whatsapp.net","name":"aufanīyno.care","time":"05:42:37","serial":"2a104077250b42b967e2"},{"id":"6285335203652@s.whatsapp.net","name":"aina","time":"05:42:37","serial":"ccd90992783bf60943fb"},{"id":"557183852339@s.whatsapp.net","name":"🔥💥 ĞÜÏŁŁÄ 💥🔥","time":"05:42:37","serial":"2f2d805ca3ec0c508441"},{"id":"6281332663835@s.whatsapp.net","name":"~ˣʳᵃᵕ","time":"06:18:27","serial":"0f03c404b702601394a9"},{"id":"6285748205149@s.whatsapp.net","name":"Lala Ackerman","time":"06:18:27","serial":"8dcecf9a1af95441afbe"},{"id":"6281211651261@s.whatsapp.net","name":"MiraNika💕","time":"09:25:10","serial":"c3f44d40e89e92d036fe"},{"id":"6289656361825@s.whatsapp.net","name":"FikriYansyah","time":"21:58:31","serial":"277ee541bc0bd7310968"},{"id":"6285815388438@s.whatsapp.net","name":"yn","time":"21:58:31","serial":"3cc032e3c91f8583debf"},{"id":"6289666330774@s.whatsapp.net","name":"░H░ ░a░ ░n░ ░s░","time":"05:06:59","serial":"bad9feba1ca3bb503b05"},{"id":"6285213236017@s.whatsapp.net","name":"Bayu","time":"06:05:04","serial":"f2d16bef1b3b57418bd9"},{"id":"6289623043331@s.whatsapp.net","name":"r̝ôb̉o͟ ͧs͖o̖d͊aͥr͖a͐","time":"06:44:11","serial":"796ebf3f63d81357227e"},{"id":"6282386420726@s.whatsapp.net","name":"Tania","time":"06:44:11","serial":"13b08328c779c18783fc"},{"id":"6285774407693@s.whatsapp.net","name":"Why About Me😌","time":"06:44:11","serial":"64a570caa2f301012933"},{"id":"6281316030912@s.whatsapp.net","name":"Why About Me😌","time":"06:44:11","serial":"c10ae8c35b32b4a36e57"},{"id":"6287805503138@s.whatsapp.net","name":"ツ","time":"06:44:11","serial":"2627bd2aac03b43f2fe2"},{"id":"918149963853@s.whatsapp.net","name":"Himanshu Maurya","time":"18:36:09","serial":"7c447b4c58af4ef76beb"},{"id":"62813912457398@s.whatsapp.net","name":"Rskaa","time":"18:36:09","serial":"124e3e93160823fe2f33"},{"id":"6281575772455@s.whatsapp.net","name":"Rskaa","time":"18:36:09","serial":"8c16bb586c630002ec6c"},{"id":"6281256185239@s.whatsapp.net","name":"Haji Abay","time":"18:36:09","serial":"661ae1b500e60f1b841a"},{"id":"6285895758474@s.whatsapp.net","name":"@nurdin.15","time":"18:36:09","serial":"3c220de25dd8feab6fd2"},{"id":"6287831072962@s.whatsapp.net","name":"Fira Cens","time":"19:12:25","serial":"b9df50999f0ebe8d4d09"},{"id":"6289531409113@s.whatsapp.net","name":"318✨","time":"19:12:25","serial":"341e8cc9ce6e989754df"},{"id":"6737229309@s.whatsapp.net","name":"『×FS×』 xKazeeHaruシ︎","time":"16:45:23","serial":"a61e90cc9ce301eaea36"},{"id":"6282125179771@s.whatsapp.net","name":"~R i z i k 折木.!","time":"16:45:23","serial":"78f7460155392570d390"},{"id":"6281217679063@s.whatsapp.net","name":"Nezya","time":"09:04:05","serial":"3693c3fe37de15824142"},{"id":"18776201741@s.whatsapp.net","name":"yoll","time":"09:04:05","serial":"28f533d46a2253573ff4"},{"id":"18324498087@s.whatsapp.net","name":"Ken","time":"15:42:40","serial":"d6f213ac2b4239f8cc4c"},{"id":"6282338098038@s.whatsapp.net","name":"https://bīt.ly/۝⃢𒍬","time":"15:55:23","serial":"a0916b55a3ee231837fc"},{"id":"6283176387104@s.whatsapp.net","name":"MSC47","time":"15:55:23","serial":"15df824d32d403bd09a2"},{"id":"6285803357947@s.whatsapp.net","name":"https://bīt.ly/۝⃢𒍬","time":"15:55:23","serial":"38ebfcc886141046f386"},{"id":"6281312940033@s.whatsapp.net","name":"~S k y z o ボット.","time":"16:04:20","serial":"bad3752f247b8dd54b4d"},{"id":"6287876607933@s.whatsapp.net","name":"A","time":"16:04:20","serial":"dc96d211979e7543599e"},{"id":"6287789187989@s.whatsapp.net","name":"DAFFA","time":"16:04:20","serial":"6210fc1ba131443fe865"},{"id":"6281368646011@s.whatsapp.net","name":"Easy🔥🔥🔥🔥🔥🔥🔥🔥🔥🔥🔥🔥🔥🔥🔥🔥🔥🔥🔥🔥🔥","time":"20:07:51","serial":"2b95a9dc3b1cd93c9689"},{"id":"6281280396980@s.whatsapp.net","name":"Hansen","time":"20:07:51","serial":"3413ee72d61dad22191e"},{"id":"6285780603403@s.whatsapp.net","name":"Renn","time":"20:07:51","serial":"7c461b70b04b6bc397c5"},{"id":"6281572621480@s.whatsapp.net","name":"Aku Jomblo","time":"20:07:51","serial":"ed4e9398c6a28c04348f"},{"id":"6285772668375@s.whatsapp.net","name":"AlFajri","time":"05:53:53","serial":"da2e4f2f7186f9b44eb2"},{"id":"62895808564100@s.whatsapp.net","name":"nz","time":"19:29:04","serial":"8e35f565849f44878d29"},{"id":"62895619796902@s.whatsapp.net","name":"Yajid\"","time":"10:19:07","serial":"5b6e7d26b5a4edee70aa"},{"id":"994408047085@s.whatsapp.net","name":"WoyuanZe","time":"09:40:15","serial":"514482d4a9c736d4c7bf"},{"id":"62895351054343@s.whatsapp.net","name":"Nabila Khairunnisa ✨","time":"07:53:22","serial":"561159054dc632774a7c"},{"id":"265880820312@s.whatsapp.net","name":"HGraphics Official 101","time":"23:46:23","serial":"ced2af0fda576e2f050d"},{"id":"51950732365@s.whatsapp.net","name":"bīt.sd/スラッシュSOFIA™","time":"01:25:33","serial":"63e104b5bc62694c25aa"},{"id":"8616233699384@s.whatsapp.net","name":"«𝙳𝙴𝙽𝙸𝚂^𝚂𝙴𝚁»","time":"09:46:06","serial":"5318594dc67f5c017a14"},{"id":"6283834378112@s.whatsapp.net","name":"EL","time":"09:46:06","serial":"732ff840a0df8f788de3"},{"id":"6285707360723@s.whatsapp.net","name":"Taka","time":"16:01:31","serial":"51496be96aff974d2c4f"},{"id":"212613882903@s.whatsapp.net","name":"Ghøsty","time":"20:55:19","serial":"43d12c733ed6a9ce4abc"},{"id":"6283805028119@s.whatsapp.net","name":"Lupie","time":"02:22:12","serial":"9924a4841335d4ba9d0b"},{"id":"919446088620@s.whatsapp.net","name":"𔑪ᴅʀᴀͥɢᴏᷧɴͫ♾ʟͣ𝖔ᷩ𝖔ͥ𝖕ᷡ𓆨⁩⁩⁩⁩⁩","time":"02:54:23","serial":"9ff9c599167fa20f54f4"},{"id":"6283899090373@s.whatsapp.net","name":"jejealusmani","time":"19:24:27","serial":"8c5c0a4354624977189b"},{"id":"6283899976141@s.whatsapp.net","name":"⸸ . lucifer abhidhamma ᶜᵒᵍᵃⁿʳᵖʷ`ℬΔ̸ۜۜʙᵉʰℌ","time":"03:33:49","serial":"516dd9bfda47b27c581e"},{"id":"62878873774690@s.whatsapp.net","name":"𝗭𝗘𝗗꯭͞","time":"03:41:24","serial":"6308279ae521de7c987c"}]