[{"id":"6285866295942@s.whatsapp.net","uang":226926},{"id":"6283824414715@s.whatsapp.net","uang":960},{"id":"6283823045997@s.whatsapp.net","uang":22864},{"id":"6289530863358@s.whatsapp.net","uang":2558},{"id":"62895336253039@s.whatsapp.net","uang":42003},{"id":"6281333782061@s.whatsapp.net","uang":11220},{"id":"6285214964283@s.whatsapp.net","uang":1059},{"id":"6287851930413@s.whatsapp.net","uang":9524},{"id":"6289502860914@s.whatsapp.net","uang":42253},{"id":"6288221400832@s.whatsapp.net","uang":39589},{"id":"6287827095147@s.whatsapp.net","uang":5},{"id":"6287827095147@s.whatsapp.net","uang":10767},{"id":"628978271290@s.whatsapp.net","uang":64152},{"id":"6285282996146@s.whatsapp.net","uang":5},{"id":"6285282996146@s.whatsapp.net","uang":287},{"id":"6285706558359@s.whatsapp.net","uang":5},{"id":"6285706558359@s.whatsapp.net","uang":2278},{"id":"6281281935202@s.whatsapp.net","uang":4545},{"id":"918952971081@s.whatsapp.net","uang":5026},{"id":"628990912324@s.whatsapp.net","uang":1525},{"id":"6283123948132@s.whatsapp.net","uang":193},{"id":"6283824630553@s.whatsapp.net","uang":201},{"id":"62895339954477@s.whatsapp.net","uang":8412},{"id":"6282248274060@s.whatsapp.net","uang":1610},{"id":"6282132929782@s.whatsapp.net","uang":1430},{"id":"919048417849@s.whatsapp.net","uang":5},{"id":"919048417849@s.whatsapp.net","uang":849},{"id":"6281776583485@s.whatsapp.net","uang":98},{"id":"6281776583485@s.whatsapp.net","uang":1147},{"id":"6283894963018@s.whatsapp.net","uang":5},{"id":"6283894963018@s.whatsapp.net","uang":1527},{"id":"6285806157712@s.whatsapp.net","uang":27489},{"id":"6281257845860@s.whatsapp.net","uang":4835},{"id":"6285706055202@s.whatsapp.net","uang":5},{"id":"6285706055202@s.whatsapp.net","uang":4432},{"id":"5521997482887@s.whatsapp.net","uang":290},{"id":"6282294653413@s.whatsapp.net","uang":5},{"id":"6282294653413@s.whatsapp.net","uang":2365},{"id":"6285655288949@s.whatsapp.net","uang":2854},{"id":"6285860985038@s.whatsapp.net","uang":5},{"id":"6285860985038@s.whatsapp.net","uang":5},{"id":"6283195431949@s.whatsapp.net","uang":583},{"id":"6285747553717@s.whatsapp.net","uang":1512},{"id":"6285815419233@s.whatsapp.net","uang":376},{"id":"6285892186362@s.whatsapp.net","uang":5},{"id":"6285892186362@s.whatsapp.net","uang":1045},{"id":"6283114196074@s.whatsapp.net","uang":5183},{"id":"60167344539@s.whatsapp.net","uang":471},{"id":"6285876210829@s.whatsapp.net","uang":4264},{"id":"6288293103763@s.whatsapp.net","uang":5},{"id":"6288293103763@s.whatsapp.net","uang":101},{"id":"6287842148420@s.whatsapp.net","uang":5},{"id":"6287842148420@s.whatsapp.net","uang":6260},{"id":"628886615118@s.whatsapp.net","uang":5},{"id":"628886615118@s.whatsapp.net","uang":5127},{"id":"6285810058751@s.whatsapp.net","uang":5},{"id":"6285810058751@s.whatsapp.net","uang":2457},{"id":"994404460187@s.whatsapp.net","uang":5},{"id":"994404460187@s.whatsapp.net","uang":5},{"id":"6285219351095@s.whatsapp.net","uang":5},{"id":"6285219351095@s.whatsapp.net","uang":2387},{"id":"628989213835@s.whatsapp.net","uang":2759},{"id":"628974328079@s.whatsapp.net","uang":5},{"id":"628974328079@s.whatsapp.net","uang":570},{"id":"6281995944283@s.whatsapp.net","uang":5},{"id":"6281995944283@s.whatsapp.net","uang":104640},{"id":"6282252958502@s.whatsapp.net","uang":570},{"id":"6285394408301@s.whatsapp.net","uang":5},{"id":"6285394408301@s.whatsapp.net","uang":5},{"id":"6285394408301@s.whatsapp.net","uang":5},{"id":"6285394408301@s.whatsapp.net","uang":3512},{"id":"6281261259574@s.whatsapp.net","uang":13550},{"id":"917017070390@s.whatsapp.net","uang":2376},{"id":"6289691712219@s.whatsapp.net","uang":5},{"id":"6289691712219@s.whatsapp.net","uang":2358},{"id":"6283815244833@s.whatsapp.net","uang":663},{"id":"6285275447410@s.whatsapp.net","uang":11203},{"id":"628158783690@s.whatsapp.net","uang":5},{"id":"628158783690@s.whatsapp.net","uang":15791},{"id":"6285752363426@s.whatsapp.net","uang":5},{"id":"6285752363426@s.whatsapp.net","uang":5},{"id":"6281294768621@s.whatsapp.net","uang":5},{"id":"6281294768621@s.whatsapp.net","uang":2648},{"id":"12062588135@s.whatsapp.net","uang":5},{"id":"12062588135@s.whatsapp.net","uang":4877},{"id":"6288213233215@s.whatsapp.net","uang":5},{"id":"6288213233215@s.whatsapp.net","uang":574},{"id":"6282316084092@s.whatsapp.net","uang":5},{"id":"6282316084092@s.whatsapp.net","uang":3399},{"id":"6281325664820@s.whatsapp.net","uang":5},{"id":"6281325664820@s.whatsapp.net","uang":776},{"id":"6283839428143@s.whatsapp.net","uang":5},{"id":"6283839428143@s.whatsapp.net","uang":840},{"id":"6285727093196@s.whatsapp.net","uang":5},{"id":"6285727093196@s.whatsapp.net","uang":5},{"id":"6285727093196@s.whatsapp.net","uang":5},{"id":"6285727093196@s.whatsapp.net","uang":292},{"id":"628990874944@s.whatsapp.net","uang":3402},{"id":"6283161237285@s.whatsapp.net","uang":1050},{"id":"6281952203334@s.whatsapp.net","uang":13996},{"id":"6285876734149@s.whatsapp.net","uang":189},{"id":"6285335203652@s.whatsapp.net","uang":2003},{"id":"557183852339@s.whatsapp.net","uang":3971},{"id":"6281332663835@s.whatsapp.net","uang":840},{"id":"6285748205149@s.whatsapp.net","uang":573},{"id":"6281211651261@s.whatsapp.net","uang":1330},{"id":"62895622956173@s.whatsapp.net","uang":5780},{"id":"6289656361825@s.whatsapp.net","uang":1149},{"id":"6285815388438@s.whatsapp.net","uang":5},{"id":"6285815388438@s.whatsapp.net","uang":668},{"id":"6289666330774@s.whatsapp.net","uang":5},{"id":"6289666330774@s.whatsapp.net","uang":867},{"id":"447441430307@s.whatsapp.net","uang":953},{"id":"6285213236017@s.whatsapp.net","uang":471},{"id":"6289623043331@s.whatsapp.net","uang":5},{"id":"6289623043331@s.whatsapp.net","uang":5096},{"id":"6282386420726@s.whatsapp.net","uang":5},{"id":"6282386420726@s.whatsapp.net","uang":19373},{"id":"6281316030912@s.whatsapp.net","uang":5},{"id":"6281316030912@s.whatsapp.net","uang":1600},{"id":"6285774407693@s.whatsapp.net","uang":5},{"id":"6285774407693@s.whatsapp.net","uang":5224},{"id":"6287805503138@s.whatsapp.net","uang":5},{"id":"6287805503138@s.whatsapp.net","uang":7743},{"id":"918149963853@s.whatsapp.net","uang":1160},{"id":"62813912457398@s.whatsapp.net","uang":5},{"id":"62813912457398@s.whatsapp.net","uang":27389},{"id":"6281575772455@s.whatsapp.net","uang":5},{"id":"6281575772455@s.whatsapp.net","uang":1722},{"id":"6281256185239@s.whatsapp.net","uang":5},{"id":"6281256185239@s.whatsapp.net","uang":467},{"id":"6285895758474@s.whatsapp.net","uang":5},{"id":"6285895758474@s.whatsapp.net","uang":193},{"id":"919556416715@s.whatsapp.net","uang":1994},{"id":"6283104061930@s.whatsapp.net","uang":1980},{"id":"6285654757016@s.whatsapp.net","uang":859},{"id":"6287831072962@s.whatsapp.net","uang":5},{"id":"6287831072962@s.whatsapp.net","uang":18824},{"id":"6289531409113@s.whatsapp.net","uang":5},{"id":"6289531409113@s.whatsapp.net","uang":95},{"id":"6285348646225@s.whatsapp.net","uang":2738},{"id":"6737229309@s.whatsapp.net","uang":5},{"id":"6737229309@s.whatsapp.net","uang":848},{"id":"6282125179771@s.whatsapp.net","uang":2486},{"id":"6281217679063@s.whatsapp.net","uang":5},{"id":"6281217679063@s.whatsapp.net","uang":377},{"id":"18776201741@s.whatsapp.net","uang":748},{"id":"18324498087@s.whatsapp.net","uang":5},{"id":"18324498087@s.whatsapp.net","uang":482},{"id":"6282338098038@s.whatsapp.net","uang":5},{"id":"6282338098038@s.whatsapp.net","uang":2381},{"id":"6283176387104@s.whatsapp.net","uang":5},{"id":"6283176387104@s.whatsapp.net","uang":102},{"id":"6285803357947@s.whatsapp.net","uang":3773},{"id":"6281312940033@s.whatsapp.net","uang":5},{"id":"6281312940033@s.whatsapp.net","uang":5727},{"id":"6287876607933@s.whatsapp.net","uang":15764},{"id":"6287789187989@s.whatsapp.net","uang":5},{"id":"6287789187989@s.whatsapp.net","uang":1898},{"id":"6285798640742@s.whatsapp.net","uang":1901},{"id":"6281368646011@s.whatsapp.net","uang":5},{"id":"6281368646011@s.whatsapp.net","uang":4830},{"id":"6281280396980@s.whatsapp.net","uang":5},{"id":"6281280396980@s.whatsapp.net","uang":5},{"id":"6285780603403@s.whatsapp.net","uang":949},{"id":"6281342628434@s.whatsapp.net","uang":95},{"id":"6281572621480@s.whatsapp.net","uang":5},{"id":"6281572621480@s.whatsapp.net","uang":98},{"id":"6285772668375@s.whatsapp.net","uang":5},{"id":"6285772668375@s.whatsapp.net","uang":99},{"id":"62895808564100@s.whatsapp.net","uang":5},{"id":"62895808564100@s.whatsapp.net","uang":190},{"id":"62895619796902@s.whatsapp.net","uang":5},{"id":"62895619796902@s.whatsapp.net","uang":760},{"id":"6281253788742@s.whatsapp.net","uang":195},{"id":"994408047085@s.whatsapp.net","uang":5},{"id":"994408047085@s.whatsapp.net","uang":485},{"id":"62895351054343@s.whatsapp.net","uang":5},{"id":"62895351054343@s.whatsapp.net","uang":1320},{"id":"265880820312@s.whatsapp.net","uang":6462},{"id":"51950732365@s.whatsapp.net","uang":5},{"id":"51950732365@s.whatsapp.net","uang":6148},{"id":"8616233699384@s.whatsapp.net","uang":4640},{"id":"6283834378112@s.whatsapp.net","uang":5},{"id":"6283834378112@s.whatsapp.net","uang":98},{"id":"6281389368689@s.whatsapp.net","uang":2838},{"id":"6285707360723@s.whatsapp.net","uang":5},{"id":"6285707360723@s.whatsapp.net","uang":4134},{"id":"6285717856930@s.whatsapp.net","uang":1127},{"id":"212613882903@s.whatsapp.net","uang":5},{"id":"212613882903@s.whatsapp.net","uang":1605},{"id":"6283805028119@s.whatsapp.net","uang":5},{"id":"6283805028119@s.whatsapp.net","uang":575},{"id":"919446088620@s.whatsapp.net","uang":5},{"id":"919446088620@s.whatsapp.net","uang":6502},{"id":"6283899090373@s.whatsapp.net","uang":5},{"id":"6283899090373@s.whatsapp.net","uang":575},{"id":"6283899976141@s.whatsapp.net","uang":198},{"id":"62878873774690@s.whatsapp.net","uang":5},{"id":"62878873774690@s.whatsapp.net","uang":5}]